image,id,label,annotator,annotation_id,created_at,updated_at,lead_time
/data/upload/1/a576e59d-drowsy.63b4814d-6bb2-11ed-936d-fc4482a2ef62.jpg,113,"[{""x"": 25.679347826086957, ""y"": 43.11594202898551, ""width"": 44.97282608695652, ""height"": 56.702898550724626, ""rotation"": 0, ""rectanglelabels"": [""Drowsy""], ""original_width"": 640, ""original_height"": 480}]",1,180,2022-12-08T01:41:07.654645Z,2022-12-08T01:41:07.654645Z,4.477
/data/upload/1/a768538b-drowsy.34dcad33-6bb2-11ed-9ce1-fc4482a2ef62.jpg,112,"[{""x"": 36.95652173913042, ""y"": 40.21739130434783, ""width"": 36.95652173913042, ""height"": 57.2463768115942, ""rotation"": 0, ""rectanglelabels"": [""Drowsy""], ""original_width"": 640, ""original_height"": 480}]",1,179,2022-12-08T01:41:00.343052Z,2022-12-08T01:41:00.343052Z,4.633
/data/upload/1/3c707e2d-drowsy.f9162747-6bb1-11ed-aebe-fc4482a2ef62.jpg,175,"[{""x"": 39.67391304347825, ""y"": 46.92028985507246, ""width"": 32.608695652173914, ""height"": 53.07971014492754, ""rotation"": 0, ""rectanglelabels"": [""Drowsy""], ""original_width"": 640, ""original_height"": 480}]",1,178,2022-12-08T01:40:00.292704Z,2022-12-08T01:40:00.292704Z,3.56
/data/upload/1/197ac555-drowsy.f7def662-6f9b-11ed-aa8a-fc4482a2ef62.jpg,174,"[{""x"": 34.78260869565217, ""y"": 19.202898550724637, ""width"": 40.21739130434783, ""height"": 66.12318840579711, ""rotation"": 0, ""rectanglelabels"": [""Drowsy""], ""original_width"": 640, ""original_height"": 480}]",1,177,2022-12-08T01:39:56.452259Z,2022-12-08T01:39:56.452259Z,3.582
/data/upload/1/32f308a7-drowsy.f7c14b91-6f33-11ed-a32f-ac05f5a81f7c.jpg,173,"[{""x"": 23.505434782608695, ""y"": 4.710144927536232, ""width"": 44.429347826086946, ""height"": 74.63768115942028, ""rotation"": 0, ""rectanglelabels"": [""Drowsy""], ""original_width"": 640, ""original_height"": 480}]",1,176,2022-12-08T01:39:52.320679Z,2022-12-08T01:39:52.320679Z,7.805
/data/upload/1/e384f778-drowsy.e2933bbf-7489-11ed-872c-c4d0725245cc.jpg,172,"[{""x"": 38.58695652173913, ""y"": 25.543478260869566, ""width"": 36.41304347826087, ""height"": 66.66666666666666, ""rotation"": 0, ""rectanglelabels"": [""Drowsy""], ""original_width"": 640, ""original_height"": 480}]",1,175,2022-12-08T01:39:44.270633Z,2022-12-08T01:39:44.270633Z,3.495
/data/upload/1/78b5745f-drowsy.e32ff41b-6bb1-11ed-9a56-fc4482a2ef62.jpg,171,"[{""x"": 34.10326086956522, ""y"": 43.11594202898551, ""width"": 44.70108695652174, ""height"": 55.797101449275374, ""rotation"": 0, ""rectanglelabels"": [""Drowsy""], ""original_width"": 640, ""original_height"": 480}]",1,174,2022-12-08T01:39:40.221684Z,2022-12-08T01:39:40.221684Z,3.9
/data/upload/1/43bafa3a-drowsy.e23caefd-6f33-11ed-b753-ac05f5a81f7c.jpg,170,"[{""x"": 28.39673913043478, ""y"": 5.072463768115942, ""width"": 38.58695652173913, ""height"": 69.20289855072464, ""rotation"": 0, ""rectanglelabels"": [""Drowsy""], ""original_width"": 640, ""original_height"": 480}]",1,173,2022-12-08T01:39:36.043191Z,2022-12-08T01:39:36.043191Z,5.548
/data/upload/1/ebe331ed-drowsy.dda38bd3-6f33-11ed-a697-ac05f5a81f7c.jpg,169,"[{""x"": 32.744565217391305, ""y"": 7.427536231884058, ""width"": 35.19021739130434, ""height"": 67.57246376811594, ""rotation"": 0, ""rectanglelabels"": [""Drowsy""], ""original_width"": 640, ""original_height"": 480}]",1,172,2022-12-08T01:39:29.939935Z,2022-12-08T01:39:29.939935Z,4.73
/data/upload/1/a3228bc2-drowsy.da2f5b6e-6f97-11ed-a064-fc4482a2ef62.jpg,168,"[{""x"": 26.08695652173913, ""y"": 6.521739130434782, ""width"": 49.59239130434783, ""height"": 72.46376811594203, ""rotation"": 0, ""rectanglelabels"": [""Drowsy""], ""original_width"": 640, ""original_height"": 480}]",1,171,2022-12-08T01:39:24.935498Z,2022-12-08T01:39:24.935498Z,5.739
/data/upload/1/9e0344ac-drowsy.d890daa3-6f33-11ed-913b-ac05f5a81f7c.jpg,167,"[{""x"": 25.407608695652176, ""y"": 4.710144927536232, ""width"": 44.70108695652174, ""height"": 71.73913043478261, ""rotation"": 0, ""rectanglelabels"": [""Drowsy""], ""original_width"": 640, ""original_height"": 480}]",1,170,2022-12-08T01:39:18.645140Z,2022-12-08T01:39:18.645140Z,3.927
/data/upload/1/24146dbd-drowsy.d48daa9d-6bb1-11ed-8b94-fc4482a2ef62.jpg,166,"[{""x"": 36.54891304347825, ""y"": 40.94202898550724, ""width"": 39.53804347826087, ""height"": 55.61594202898551, ""rotation"": 0, ""rectanglelabels"": [""Drowsy""], ""original_width"": 640, ""original_height"": 480}]",1,169,2022-12-08T01:39:14.475363Z,2022-12-08T01:39:14.475363Z,3.212
/data/upload/1/49a4842d-drowsy.d9eeeff8-6bb2-11ed-94e0-fc4482a2ef62.jpg,165,"[{""x"": 38.58695652173913, ""y"": 18.65942028985507, ""width"": 43.47826086956522, ""height"": 77.53623188405797, ""rotation"": 0, ""rectanglelabels"": [""Drowsy""], ""original_width"": 640, ""original_height"": 480}]",1,168,2022-12-08T01:39:10.684731Z,2022-12-08T01:39:10.684731Z,3.681
/data/upload/1/256b5126-drowsy.d7dbd209-7489-11ed-a6e1-c4d0725245cc.jpg,164,"[{""x"": 37.5, ""y"": 19.92753623188406, ""width"": 38.58695652173913, ""height"": 67.21014492753623, ""rotation"": 0, ""rectanglelabels"": [""Drowsy""], ""original_width"": 640, ""original_height"": 480}]",1,167,2022-12-08T01:39:06.772981Z,2022-12-08T01:39:06.772981Z,3.378
/data/upload/1/73c4d536-drowsy.d5cda019-6f33-11ed-b754-ac05f5a81f7c.jpg,163,"[{""x"": 30.570652173913043, ""y"": 3.9855072463768106, ""width"": 37.5, ""height"": 67.7536231884058, ""rotation"": 0, ""rectanglelabels"": [""Drowsy""], ""original_width"": 640, ""original_height"": 480}]",1,166,2022-12-08T01:39:02.835970Z,2022-12-08T01:39:02.835970Z,3.446
/data/upload/1/66653af1-drowsy.d02ead05-6bb1-11ed-a540-fc4482a2ef62.jpg,162,"[{""x"": 41.16847826086958, ""y"": 42.391304347826086, ""width"": 34.64673913043478, ""height"": 53.44202898550725, ""rotation"": 0, ""rectanglelabels"": [""Drowsy""], ""original_width"": 640, ""original_height"": 480}]",1,165,2022-12-08T01:38:59.108893Z,2022-12-08T01:38:59.108893Z,3.994
/data/upload/1/c15ead39-drowsy.c2131375-7489-11ed-9b27-c4d0725245cc.jpg,161,"[{""x"": 34.51086956521739, ""y"": 40.21739130434783, ""width"": 30.570652173913043, ""height"": 46.3768115942029, ""rotation"": 0, ""rectanglelabels"": [""Drowsy""], ""original_width"": 640, ""original_height"": 480}]",1,164,2022-12-08T01:38:54.572457Z,2022-12-08T01:38:54.572457Z,10.903
/data/upload/1/1f041853-drowsy.c4384f69-6f9b-11ed-b86a-fc4482a2ef62.jpg,160,"[{""x"": 38.45108695652175, ""y"": 20.28985507246377, ""width"": 36.54891304347825, ""height"": 66.84782608695652, ""rotation"": 0, ""rectanglelabels"": [""Drowsy""], ""original_width"": 640, ""original_height"": 480}]",1,163,2022-12-08T01:38:43.426615Z,2022-12-08T01:38:43.426615Z,4.711
/data/upload/1/7871db3d-drowsy.c846fab9-6f9a-11ed-af0a-fc4482a2ef62.jpg,159,"[{""x"": 55.02717391304349, ""y"": 25.724637681159415, ""width"": 38.994565217391305, ""height"": 69.92753623188406, ""rotation"": 0, ""rectanglelabels"": [""Drowsy""], ""original_width"": 640, ""original_height"": 480}]",1,162,2022-12-08T01:38:32.488664Z,2022-12-08T01:38:32.488664Z,4.394
/data/upload/1/32847c6a-drowsy.c9d6fa5f-7489-11ed-954b-c4d0725245cc.jpg,158,"[{""x"": 38.994565217391305, ""y"": 27.898550724637687, ""width"": 33.83152173913043, ""height"": 70.65217391304348, ""rotation"": 0, ""rectanglelabels"": [""Drowsy""], ""original_width"": 640, ""original_height"": 480}]",1,161,2022-12-08T01:38:27.844615Z,2022-12-08T01:38:27.844615Z,3.59
/data/upload/1/5b8a9aed-drowsy.c3e34b05-6f97-11ed-998b-fc4482a2ef62.jpg,157,"[{""x"": 25.679347826086957, ""y"": 0.18115942028985507, ""width"": 55.16304347826087, ""height"": 90.03623188405797, ""rotation"": 0, ""rectanglelabels"": [""Drowsy""], ""original_width"": 640, ""original_height"": 480}]",1,160,2022-12-08T01:38:23.650428Z,2022-12-08T01:38:23.650428Z,3.944
/data/upload/1/139a7427-drowsy.c003e70c-6f9b-11ed-94a1-fc4482a2ef62.jpg,156,"[{""x"": 39.67391304347825, ""y"": 18.478260869565215, ""width"": 37.5, ""height"": 68.65942028985508, ""rotation"": 0, ""rectanglelabels"": [""Drowsy""], ""original_width"": 640, ""original_height"": 480}]",1,159,2022-12-08T01:38:19.470971Z,2022-12-08T01:38:19.470971Z,3.4
/data/upload/1/59f89a6d-drowsy.bed079bc-6f97-11ed-99a3-fc4482a2ef62.jpg,155,"[{""x"": 11.41304347826087, ""y"": 3.079710144927537, ""width"": 63.45108695652174, ""height"": 88.40579710144928, ""rotation"": 0, ""rectanglelabels"": [""Drowsy""], ""original_width"": 640, ""original_height"": 480}]",1,158,2022-12-08T01:38:15.512404Z,2022-12-08T01:38:15.512404Z,5.19
/data/upload/1/7d2fac79-drowsy.be90c6b1-6f9b-11ed-8230-fc4482a2ef62.jpg,154,"[{""x"": 37.77173913043478, ""y"": 19.384057971014492, ""width"": 39.80978260869566, ""height"": 70.1086956521739, ""rotation"": 0, ""rectanglelabels"": [""Drowsy""], ""original_width"": 640, ""original_height"": 480}]",1,157,2022-12-08T01:38:10.071760Z,2022-12-08T01:38:10.071760Z,5.929
/data/upload/1/c3dd4d4e-drowsy.bca115a4-6f9b-11ed-a6ee-fc4482a2ef62.jpg,153,"[{""x"": 35.59782608695652, ""y"": 19.746376811594203, ""width"": 40.08152173913042, ""height"": 65.76086956521739, ""rotation"": 0, ""rectanglelabels"": [""Drowsy""], ""original_width"": 640, ""original_height"": 480}]",1,156,2022-12-08T01:38:03.593232Z,2022-12-08T01:38:03.593232Z,4.752
/data/upload/1/7c0abd0d-drowsy.bb9d7ca0-6bb2-11ed-811f-fc4482a2ef62.jpg,152,"[{""x"": 53.39673913043478, ""y"": 16.304347826086957, ""width"": 45.65217391304348, ""height"": 82.6086956521739, ""rotation"": 0, ""rectanglelabels"": [""Drowsy""], ""original_width"": 640, ""original_height"": 480}]",1,155,2022-12-08T01:37:58.595239Z,2022-12-08T01:37:58.595239Z,4.57
/data/upload/1/5f140a5f-drowsy.ba9bddca-6f97-11ed-bc1d-fc4482a2ef62.jpg,151,"[{""x"": 34.78260869565217, ""y"": 7.065217391304348, ""width"": 50.95108695652174, ""height"": 85.68840579710145, ""rotation"": 0, ""rectanglelabels"": [""Drowsy""], ""original_width"": 640, ""original_height"": 480}]",1,154,2022-12-08T01:37:53.431234Z,2022-12-08T01:37:53.431234Z,3.898
/data/upload/1/182b2437-drowsy.b4957ca0-6f99-11ed-ae53-fc4482a2ef62.jpg,150,"[{""x"": 44.02173913043478, ""y"": 18.297101449275363, ""width"": 38.04347826086958, ""height"": 71.92028985507247, ""rotation"": 0, ""rectanglelabels"": [""Drowsy""], ""original_width"": 640, ""original_height"": 480}]",1,153,2022-12-08T01:37:49.234136Z,2022-12-08T01:37:49.234136Z,8.869
/data/upload/1/b8a9bcc7-drowsy.b35c1151-6f9b-11ed-9abd-fc4482a2ef62.jpg,149,"[{""x"": 31.657608695652176, ""y"": 23.91304347826087, ""width"": 41.44021739130434, ""height"": 63.22463768115942, ""rotation"": 0, ""rectanglelabels"": [""Drowsy""], ""original_width"": 640, ""original_height"": 480}]",1,152,2022-12-08T01:37:40.081657Z,2022-12-08T01:37:40.081657Z,4.589
/data/upload/1/8ba3ae30-drowsy.b5b5b1d3-7489-11ed-8004-c4d0725245cc.jpg,148,"[{""x"": 34.51086956521739, ""y"": 31.702898550724637, ""width"": 37.09239130434783, ""height"": 64.31159420289855, ""rotation"": 0, ""rectanglelabels"": [""Drowsy""], ""original_width"": 640, ""original_height"": 480}]",1,151,2022-12-08T01:37:35.195555Z,2022-12-08T01:37:35.195555Z,4.683
/data/upload/1/9282991f-drowsy.ac1b6ffd-6f99-11ed-a4f1-fc4482a2ef62.jpg,147,"[{""x"": 31.38586956521739, ""y"": 12.681159420289855, ""width"": 47.96195652173913, ""height"": 76.44927536231883, ""rotation"": 0, ""rectanglelabels"": [""Drowsy""], ""original_width"": 640, ""original_height"": 480}]",1,150,2022-12-08T01:37:29.926042Z,2022-12-08T01:37:29.926042Z,8.012
/data/upload/1/e5bc74d0-drowsy.ab49675a-6f9b-11ed-a4bc-fc4482a2ef62.jpg,146,"[{""x"": 35.19021739130434, ""y"": 23.731884057971016, ""width"": 37.63586956521739, ""height"": 61.23188405797103, ""rotation"": 0, ""rectanglelabels"": [""Drowsy""], ""original_width"": 640, ""original_height"": 480}]",1,149,2022-12-08T01:37:21.677905Z,2022-12-08T01:37:21.677905Z,3.715
/data/upload/1/1fcbb62e-drowsy.a89a5977-6f9b-11ed-a1a9-fc4482a2ef62.jpg,145,"[{""x"": 33.28804347826087, ""y"": 23.007246376811594, ""width"": 41.71195652173913, ""height"": 61.594202898550726, ""rotation"": 0, ""rectanglelabels"": [""Drowsy""], ""original_width"": 640, ""original_height"": 480}]",1,148,2022-12-08T01:37:17.413497Z,2022-12-08T01:37:17.413497Z,3.803
/data/upload/1/462a85f6-drowsy.a53c0186-6f9b-11ed-b9b3-fc4482a2ef62.jpg,144,"[{""x"": 37.09239130434783, ""y"": 24.27536231884058, ""width"": 42.52717391304348, ""height"": 66.12318840579711, ""rotation"": 0, ""rectanglelabels"": [""Drowsy""], ""original_width"": 640, ""original_height"": 480}]",1,147,2022-12-08T01:37:13.354649Z,2022-12-08T01:37:13.354649Z,3.114
/data/upload/1/d829a1e4-drowsy.a1a3f23d-6f9b-11ed-bf00-fc4482a2ef62.jpg,143,"[{""x"": 37.09239130434783, ""y"": 19.202898550724637, ""width"": 40.625, ""height"": 71.01449275362319, ""rotation"": 0, ""rectanglelabels"": [""Drowsy""], ""original_width"": 640, ""original_height"": 480}]",1,146,2022-12-08T01:37:09.680111Z,2022-12-08T01:37:09.680111Z,3.86
/data/upload/1/18813bd8-drowsy.90048627-748a-11ed-bc15-c4d0725245cc.jpg,142,"[{""x"": 46.875, ""y"": 41.30434782608695, ""width"": 40.89673913043478, ""height"": 57.427536231884055, ""rotation"": 0, ""rectanglelabels"": [""Drowsy""], ""original_width"": 640, ""original_height"": 480}]",1,145,2022-12-08T01:37:05.579419Z,2022-12-08T01:37:05.579419Z,3.452
/data/upload/1/c13248e6-drowsy.87171505-7489-11ed-91ba-c4d0725245cc.jpg,141,"[{""x"": 33.69565217391305, ""y"": 19.92753623188406, ""width"": 36.41304347826087, ""height"": 72.28260869565217, ""rotation"": 0, ""rectanglelabels"": [""Drowsy""], ""original_width"": 640, ""original_height"": 480}]",1,144,2022-12-08T01:37:01.558820Z,2022-12-08T01:37:01.558820Z,6.67
/data/upload/1/bb335b79-drowsy.29761429-748b-11ed-800c-c4d0725245cc.jpg,140,"[{""x"": 28.668478260869566, ""y"": 29.347826086956523, ""width"": 35.869565217391305, ""height"": 65.21739130434783, ""rotation"": 0, ""rectanglelabels"": [""Drowsy""], ""original_width"": 640, ""original_height"": 480}]",1,143,2022-12-08T01:36:54.644643Z,2022-12-08T01:36:54.645643Z,3.49
/data/upload/1/0e5b9239-drowsy.5672737a-6f9c-11ed-8d47-fc4482a2ef62.jpg,139,"[{""x"": 40.48913043478261, ""y"": 21.73913043478261, ""width"": 43.61413043478261, ""height"": 64.67391304347827, ""rotation"": 0, ""rectanglelabels"": [""Drowsy""], ""original_width"": 640, ""original_height"": 480}]",1,142,2022-12-08T01:36:50.606367Z,2022-12-08T01:36:50.606367Z,2.934
/data/upload/1/8d197cb3-drowsy.943944bc-6f9a-11ed-bc7e-fc4482a2ef62.jpg,138,"[{""x"": 3.804347826086957, ""y"": 12.13768115942029, ""width"": 65.21739130434783, ""height"": 85.14492753623189, ""rotation"": 0, ""rectanglelabels"": [""Drowsy""], ""original_width"": 640, ""original_height"": 480}]",1,141,2022-12-08T01:36:47.429688Z,2022-12-08T01:36:47.429688Z,4.145
/data/upload/1/f9852723-drowsy.930751d6-748a-11ed-9c72-c4d0725245cc.jpg,137,"[{""x"": 46.46739130434783, ""y"": 43.11594202898551, ""width"": 33.96739130434783, ""height"": 53.44202898550725, ""rotation"": 0, ""rectanglelabels"": [""Drowsy""], ""original_width"": 640, ""original_height"": 480}]",1,140,2022-12-08T01:36:42.728107Z,2022-12-08T01:36:42.728107Z,3.48
/data/upload/1/b6797589-drowsy.216929ed-748b-11ed-967e-c4d0725245cc.jpg,136,"[{""x"": 29.6195652173913, ""y"": 26.811594202898558, ""width"": 33.96739130434783, ""height"": 71.19565217391305, ""rotation"": 0, ""rectanglelabels"": [""Drowsy""], ""original_width"": 640, ""original_height"": 480}]",1,139,2022-12-08T01:36:39.003389Z,2022-12-08T01:36:39.003389Z,3.504
/data/upload/1/d7cf3dd1-drowsy.75524c3c-748a-11ed-bf99-c4d0725245cc.jpg,135,"[{""x"": 60.86956521739131, ""y"": 38.768115942028984, ""width"": 29.891304347826086, ""height"": 59.96376811594203, ""rotation"": 0, ""rectanglelabels"": [""Drowsy""], ""original_width"": 640, ""original_height"": 480}]",1,138,2022-12-08T01:36:34.890683Z,2022-12-08T01:36:34.890683Z,3.811
/data/upload/1/540cd4e7-drowsy.53478ca3-6f9a-11ed-86a5-fc4482a2ef62.jpg,134,"[{""x"": 38.45108695652175, ""y"": 8.333333333333332, ""width"": 38.994565217391305, ""height"": 76.81159420289855, ""rotation"": 0, ""rectanglelabels"": [""Drowsy""], ""original_width"": 640, ""original_height"": 480}]",1,137,2022-12-08T01:36:30.827541Z,2022-12-08T01:36:30.827541Z,7.635
/data/upload/1/8e582bb7-drowsy.32859a51-6f9c-11ed-84a8-fc4482a2ef62.jpg,133,"[{""x"": 45.108695652173914, ""y"": 29.347826086956523, ""width"": 31.52173913043478, ""height"": 58.876811594202884, ""rotation"": 0, ""rectanglelabels"": [""Drowsy""], ""original_width"": 640, ""original_height"": 480}]",1,136,2022-12-08T01:36:22.958064Z,2022-12-08T01:36:22.958064Z,3.473
/data/upload/1/07405a44-drowsy.23135bba-748b-11ed-8458-c4d0725245cc.jpg,132,"[{""x"": 22.418478260869566, ""y"": 27.355072463768117, ""width"": 38.31521739130434, ""height"": 72.64492753623189, ""rotation"": 0, ""rectanglelabels"": [""Drowsy""], ""original_width"": 640, ""original_height"": 480}]",1,135,2022-12-08T01:36:19.243541Z,2022-12-08T01:36:19.243541Z,2.968
/data/upload/1/388aa59d-drowsy.9257e7e7-7489-11ed-bd17-c4d0725245cc.jpg,131,"[{""x"": 39.266304347826086, ""y"": 24.27536231884058, ""width"": 33.83152173913043, ""height"": 74.63768115942028, ""rotation"": 0, ""rectanglelabels"": [""Drowsy""], ""original_width"": 640, ""original_height"": 480}]",1,134,2022-12-08T01:36:16.044756Z,2022-12-08T01:36:16.044756Z,3.435
/data/upload/1/dbceaf82-drowsy.7995a05a-6f34-11ed-ac96-ac05f5a81f7c.jpg,130,"[{""x"": 28.26086956521739, ""y"": 33.51449275362319, ""width"": 35.054347826086946, ""height"": 65.39855072463769, ""rotation"": 0, ""rectanglelabels"": [""Drowsy""], ""original_width"": 640, ""original_height"": 480}]",1,133,2022-12-08T01:36:12.341391Z,2022-12-08T01:36:12.341391Z,4.133
/data/upload/1/a4b31c88-drowsy.7787e2b1-748a-11ed-905a-c4d0725245cc.jpg,129,"[{""x"": 57.88043478260869, ""y"": 34.78260869565217, ""width"": 33.69565217391305, ""height"": 65.21739130434783, ""rotation"": 0, ""rectanglelabels"": [""Drowsy""], ""original_width"": 640, ""original_height"": 480}]",1,132,2022-12-08T01:36:07.960381Z,2022-12-08T01:36:07.960381Z,3.284
/data/upload/1/c98fd3b9-drowsy.7462cb2f-748a-11ed-b6e0-c4d0725245cc.jpg,128,"[{""x"": 44.56521739130435, ""y"": 38.94927536231884, ""width"": 38.858695652173914, ""height"": 61.05072463768116, ""rotation"": 0, ""rectanglelabels"": [""Drowsy""], ""original_width"": 640, ""original_height"": 480}]",1,131,2022-12-08T01:36:04.425842Z,2022-12-08T01:36:04.425842Z,4.07
/data/upload/1/dd950b25-drowsy.5594e6d3-6f34-11ed-b00b-ac05f5a81f7c.jpg,127,"[{""x"": 30.706521739130434, ""y"": 16.485507246376812, ""width"": 33.28804347826087, ""height"": 72.64492753623189, ""rotation"": 0, ""rectanglelabels"": [""Drowsy""], ""original_width"": 640, ""original_height"": 480}]",1,130,2022-12-08T01:36:00.116986Z,2022-12-08T01:36:00.116986Z,3.272
/data/upload/1/1011f49b-drowsy.5348a3ad-6f34-11ed-a307-ac05f5a81f7c.jpg,126,"[{""x"": 25.679347826086957, ""y"": 19.384057971014492, ""width"": 41.71195652173913, ""height"": 64.4927536231884, ""rotation"": 0, ""rectanglelabels"": [""Drowsy""], ""original_width"": 640, ""original_height"": 480}]",1,129,2022-12-08T01:35:56.602028Z,2022-12-08T01:35:56.602028Z,3.206
/data/upload/1/7574a6bf-drowsy.987adfb7-7489-11ed-b590-c4d0725245cc.jpg,125,"[{""x"": 38.179347826086946, ""y"": 26.811594202898558, ""width"": 38.45108695652175, ""height"": 69.92753623188406, ""rotation"": 0, ""rectanglelabels"": [""Drowsy""], ""original_width"": 640, ""original_height"": 480}]",1,128,2022-12-08T01:35:53.164014Z,2022-12-08T01:35:53.164014Z,3.345
/data/upload/1/9723a069-drowsy.921dd37e-748a-11ed-bf58-c4d0725245cc.jpg,124,"[{""x"": 52.03804347826087, ""y"": 37.5, ""width"": 37.63586956521739, ""height"": 58.5144927536232, ""rotation"": 0, ""rectanglelabels"": [""Drowsy""], ""original_width"": 640, ""original_height"": 480}]",1,127,2022-12-08T01:35:49.579122Z,2022-12-08T01:35:49.579122Z,4.409
/data/upload/1/5f67f094-drowsy.858db984-6f34-11ed-8741-ac05f5a81f7c.jpg,123,"[{""x"": 20.92391304347826, ""y"": 37.31884057971014, ""width"": 46.05978260869565, ""height"": 62.68115942028985, ""rotation"": 0, ""rectanglelabels"": [""Drowsy""], ""original_width"": 640, ""original_height"": 480}]",1,126,2022-12-08T01:35:44.941591Z,2022-12-08T01:35:44.941591Z,3.032
/data/upload/1/cc903d48-drowsy.834de0ee-6f34-11ed-abd8-ac05f5a81f7c.jpg,122,"[{""x"": 23.369565217391305, ""y"": 36.231884057971016, ""width"": 44.15760869565217, ""height"": 63.76811594202897, ""rotation"": 0, ""rectanglelabels"": [""Drowsy""], ""original_width"": 640, ""original_height"": 480}]",1,125,2022-12-08T01:35:41.660938Z,2022-12-08T01:35:41.660938Z,3.152
/data/upload/1/d29f5ca8-drowsy.815b2e6d-7489-11ed-abd0-c4d0725245cc.jpg,121,"[{""x"": 31.11413043478261, ""y"": 19.565217391304348, ""width"": 37.90760869565217, ""height"": 77.17391304347827, ""rotation"": 0, ""rectanglelabels"": [""Drowsy""], ""original_width"": 640, ""original_height"": 480}]",1,124,2022-12-08T01:35:38.242594Z,2022-12-08T01:35:38.242594Z,2.69
/data/upload/1/811613c4-drowsy.764de466-748a-11ed-bfac-c4d0725245cc.jpg,120,"[{""x"": 45.78804347826087, ""y"": 38.04347826086957, ""width"": 46.73913043478261, ""height"": 61.95652173913044, ""rotation"": 0, ""rectanglelabels"": [""Drowsy""], ""original_width"": 640, ""original_height"": 480}]",1,123,2022-12-08T01:35:35.315706Z,2022-12-08T01:35:35.315706Z,3.328
/data/upload/1/6c829a79-drowsy.692bb6cd-6bb2-11ed-a063-fc4482a2ef62.jpg,119,"[{""x"": 36.141304347826086, ""y"": 35.688405797101446, ""width"": 39.130434782608695, ""height"": 62.13768115942029, ""rotation"": 0, ""rectanglelabels"": [""Drowsy""], ""original_width"": 640, ""original_height"": 480}]",1,122,2022-12-08T01:35:31.752905Z,2022-12-08T01:35:31.752905Z,5.782
/data/upload/1/6703fb43-drowsy.415e3df8-6f34-11ed-aa70-ac05f5a81f7c.jpg,118,"[{""x"": 26.6304347826087, ""y"": 18.84057971014493, ""width"": 37.5, ""height"": 70.28985507246377, ""rotation"": 0, ""rectanglelabels"": [""Drowsy""], ""original_width"": 640, ""original_height"": 480}]",1,121,2022-12-08T01:35:25.731372Z,2022-12-08T01:35:25.731372Z,3.203
/data/upload/1/fcfce38d-drowsy.348fe555-748b-11ed-9fc0-c4d0725245cc.jpg,117,"[{""x"": 25.543478260869566, ""y"": 31.340579710144926, ""width"": 42.66304347826087, ""height"": 67.21014492753623, ""rotation"": 0, ""rectanglelabels"": [""Drowsy""], ""original_width"": 640, ""original_height"": 480}]",1,120,2022-12-08T01:35:22.292630Z,2022-12-08T01:35:22.292630Z,4.092
/data/upload/1/e82901c4-drowsy.99de83f3-6f9a-11ed-8bab-fc4482a2ef62.jpg,116,"[{""x"": 50, ""y"": 17.753623188405797, ""width"": 37.5, ""height"": 79.52898550724638, ""rotation"": 0, ""rectanglelabels"": [""Drowsy""], ""original_width"": 640, ""original_height"": 480}]",1,119,2022-12-08T01:35:17.953828Z,2022-12-08T01:35:17.953828Z,4.672
/data/upload/1/7273662e-drowsy.72c61334-748a-11ed-bb8f-c4d0725245cc.jpg,115,"[{""x"": 55.70652173913044, ""y"": 35.869565217391305, ""width"": 32.744565217391305, ""height"": 62.68115942028985, ""rotation"": 0, ""rectanglelabels"": [""Drowsy""], ""original_width"": 640, ""original_height"": 480}]",1,118,2022-12-08T01:35:13.022208Z,2022-12-08T01:35:13.022208Z,4.221
/data/upload/1/d0c154d6-drowsy.66b2abea-6f9c-11ed-8c6a-fc4482a2ef62.jpg,114,"[{""x"": 38.04347826086958, ""y"": 19.746376811594203, ""width"": 39.80978260869566, ""height"": 65.21739130434783, ""rotation"": 0, ""rectanglelabels"": [""Drowsy""], ""original_width"": 640, ""original_height"": 480}]",1,117,2022-12-08T01:35:08.514402Z,2022-12-08T01:35:08.514402Z,4.204
/data/upload/1/d6f41545-drowsy.32f8eeec-6f97-11ed-90e7-fc4482a2ef62.jpg,111,"[{""x"": 21.73913043478261, ""y"": 3.9855072463768106, ""width"": 50.81521739130435, ""height"": 76.9927536231884, ""rotation"": 0, ""rectanglelabels"": [""Drowsy""], ""original_width"": 640, ""original_height"": 480}]",1,114,2022-12-08T01:34:49.200466Z,2022-12-08T01:34:49.200466Z,4.033
/data/upload/1/68682960-drowsy.31cd2919-748b-11ed-b1b4-c4d0725245cc.jpg,110,"[{""x"": 38.45108695652175, ""y"": 32.065217391304344, ""width"": 31.38586956521739, ""height"": 62.86231884057971, ""rotation"": 0, ""rectanglelabels"": [""Drowsy""], ""original_width"": 640, ""original_height"": 480}]",1,113,2022-12-08T01:34:44.921758Z,2022-12-08T01:34:44.921758Z,3.656
/data/upload/1/f452265f-drowsy.30bd6776-748b-11ed-9f42-c4d0725245cc.jpg,109,"[{""x"": 37.22826086956522, ""y"": 26.08695652173913, ""width"": 35.054347826086946, ""height"": 67.7536231884058, ""rotation"": 0, ""rectanglelabels"": [""Drowsy""], ""original_width"": 640, ""original_height"": 480}]",1,112,2022-12-08T01:34:41.026674Z,2022-12-08T01:34:41.026674Z,3.189
/data/upload/1/cbd4500d-drowsy.26b3fc04-748b-11ed-9878-c4d0725245cc.jpg,108,"[{""x"": 24.04891304347826, ""y"": 26.08695652173913, ""width"": 31.929347826086957, ""height"": 67.3913043478261, ""rotation"": 0, ""rectanglelabels"": [""Drowsy""], ""original_width"": 640, ""original_height"": 480}]",1,111,2022-12-08T01:34:37.584295Z,2022-12-08T01:34:37.584295Z,3.191
/data/upload/1/423e2985-drowsy.25acfec1-748b-11ed-8042-c4d0725245cc.jpg,107,"[{""x"": 28.532608695652176, ""y"": 28.804347826086957, ""width"": 31.657608695652176, ""height"": 64.4927536231884, ""rotation"": 0, ""rectanglelabels"": [""Drowsy""], ""original_width"": 640, ""original_height"": 480}]",1,110,2022-12-08T01:34:34.108115Z,2022-12-08T01:34:34.108115Z,3.692
/data/upload/1/dec87b07-drowsy.023d1444-6f34-11ed-aa3d-ac05f5a81f7c.jpg,106,"[{""x"": 29.7554347826087, ""y"": 6.159420289855074, ""width"": 36.54891304347825, ""height"": 81.15942028985508, ""rotation"": 0, ""rectanglelabels"": [""Drowsy""], ""original_width"": 640, ""original_height"": 480}]",1,109,2022-12-08T01:34:30.174005Z,2022-12-08T01:34:30.174005Z,7.822
/data/upload/1/b0b46763-drowsy.021b6261-6f9c-11ed-9323-fc4482a2ef62.jpg,105,"[{""x"": 38.994565217391305, ""y"": 23.91304347826087, ""width"": 39.80978260869566, ""height"": 68.65942028985508, ""rotation"": 0, ""rectanglelabels"": [""Drowsy""], ""original_width"": 640, ""original_height"": 480}]",1,108,2022-12-08T01:34:22.083068Z,2022-12-08T01:34:22.083068Z,3.078
/data/upload/1/60a0edd4-drowsy.17f07cce-6f9b-11ed-8cfa-fc4482a2ef62.jpg,104,"[{""x"": 46.19565217391305, ""y"": 25.543478260869566, ""width"": 42.52717391304348, ""height"": 74.45652173913044, ""rotation"": 0, ""rectanglelabels"": [""Drowsy""], ""original_width"": 640, ""original_height"": 480}]",1,107,2022-12-08T01:34:18.726743Z,2022-12-08T01:34:18.726743Z,7.798
/data/upload/1/3671b732-drowsy.9cf5501b-6f9b-11ed-bd85-fc4482a2ef62.jpg,103,"[{""x"": 40.76086956521739, ""y"": 17.753623188405797, ""width"": 33.559782608695656, ""height"": 67.57246376811594, ""rotation"": 0, ""rectanglelabels"": [""Drowsy""], ""original_width"": 640, ""original_height"": 480}]",1,106,2022-12-08T01:34:10.373122Z,2022-12-08T01:34:10.373122Z,3.361
/data/upload/1/9dc2e093-drowsy.09e67502-6f34-11ed-80ba-ac05f5a81f7c.jpg,102,"[{""x"": 28.668478260869566, ""y"": 6.159420289855074, ""width"": 36.005434782608695, ""height"": 72.82608695652173, ""rotation"": 0, ""rectanglelabels"": [""Drowsy""], ""original_width"": 640, ""original_height"": 480}]",1,105,2022-12-08T01:34:06.774792Z,2022-12-08T01:34:06.774792Z,4.09
/data/upload/1/c4c17e71-drowsy.8ef2b570-748a-11ed-af10-c4d0725245cc.jpg,101,"[{""x"": 67.93478260869566, ""y"": 35.507246376811594, ""width"": 31.11413043478261, ""height"": 62.68115942028985, ""rotation"": 0, ""rectanglelabels"": [""Drowsy""], ""original_width"": 640, ""original_height"": 480}]",1,104,2022-12-08T01:34:02.134094Z,2022-12-08T01:34:02.134094Z,4.622
/data/upload/1/078cca08-drowsy.8e1691c4-748a-11ed-b441-c4d0725245cc.jpg,100,"[{""x"": 55.97826086956522, ""y"": 36.41304347826087, ""width"": 37.63586956521739, ""height"": 60.14492753623188, ""rotation"": 0, ""rectanglelabels"": [""Drowsy""], ""original_width"": 640, ""original_height"": 480}]",1,103,2022-12-08T01:33:57.257461Z,2022-12-08T01:33:57.257461Z,4.267
/data/upload/1/9fdfbdda-drowsy.8b6680ef-7489-11ed-a742-c4d0725245cc.jpg,99,"[{""x"": 42.93478260869566, ""y"": 21.195652173913043, ""width"": 30.434782608695656, ""height"": 60.32608695652174, ""rotation"": 0, ""rectanglelabels"": [""Drowsy""], ""original_width"": 640, ""original_height"": 480}]",1,102,2022-12-08T01:33:52.432640Z,2022-12-08T01:33:52.432640Z,6.632
/data/upload/1/b3e1aa0d-drowsy.8b1bc29f-6f34-11ed-9014-ac05f5a81f7c.jpg,98,"[{""x"": 20.516304347826086, ""y"": 36.775362318840585, ""width"": 45.244565217391305, ""height"": 60.86956521739132, ""rotation"": 0, ""rectanglelabels"": [""Drowsy""], ""original_width"": 640, ""original_height"": 480}]",1,101,2022-12-08T01:33:45.499627Z,2022-12-08T01:33:45.499627Z,4.278
/data/upload/1/9f8d0344-drowsy.7e340b90-6f34-11ed-8d61-ac05f5a81f7c.jpg,97,"[{""x"": 23.91304347826087, ""y"": 33.8768115942029, ""width"": 41.44021739130434, ""height"": 62.86231884057971, ""rotation"": 0, ""rectanglelabels"": [""Drowsy""], ""original_width"": 640, ""original_height"": 480}]",1,100,2022-12-08T01:33:40.647782Z,2022-12-08T01:33:40.647782Z,3.274
/data/upload/1/cf17e0dc-drowsy.07a8d072-6f34-11ed-98f7-ac05f5a81f7c.jpg,96,"[{""x"": 29.076086956521745, ""y"": 3.6231884057971016, ""width"": 35.32608695652175, ""height"": 75.90579710144928, ""rotation"": 0, ""rectanglelabels"": [""Drowsy""], ""original_width"": 640, ""original_height"": 480}]",1,99,2022-12-08T01:33:37.105526Z,2022-12-08T01:33:37.105526Z,3.573
/data/upload/1/f407715c-drowsy.6c5d232e-6bb2-11ed-b017-fc4482a2ef62.jpg,95,"[{""x"": 37.36413043478261, ""y"": 36.95652173913043, ""width"": 35.869565217391305, ""height"": 56.52173913043478, ""rotation"": 0, ""rectanglelabels"": [""Drowsy""], ""original_width"": 640, ""original_height"": 480}]",1,98,2022-12-08T01:33:32.946766Z,2022-12-08T01:33:32.946766Z,3.625
/data/upload/1/f25bb217-drowsy.4ef0cb4d-6f9a-11ed-a054-fc4482a2ef62.jpg,94,"[{""x"": 34.375, ""y"": 9.782608695652174, ""width"": 40.48913043478261, ""height"": 69.92753623188406, ""rotation"": 0, ""rectanglelabels"": [""Drowsy""], ""original_width"": 640, ""original_height"": 480}]",1,97,2022-12-08T01:33:29.086978Z,2022-12-08T01:33:29.087956Z,3.351
/data/upload/1/a9fa3397-drowsy.4aed86eb-6f34-11ed-9260-ac05f5a81f7c.jpg,93,"[{""x"": 31.11413043478261, ""y"": 19.746376811594203, ""width"": 32.608695652173914, ""height"": 59.42028985507246, ""rotation"": 0, ""rectanglelabels"": [""Drowsy""], ""original_width"": 640, ""original_height"": 480}]",1,96,2022-12-08T01:33:25.128908Z,2022-12-08T01:33:25.128908Z,4.436
/data/upload/1/4f165b0a-drowsy.3c9a441c-6f34-11ed-b11e-ac05f5a81f7c.jpg,92,"[{""x"": 32.608695652173914, ""y"": 17.753623188405797, ""width"": 31.38586956521739, ""height"": 63.405797101449274, ""rotation"": 0, ""rectanglelabels"": [""Drowsy""], ""original_width"": 640, ""original_height"": 480}]",1,95,2022-12-08T01:33:20.452720Z,2022-12-08T01:33:20.452720Z,5.34
/data/upload/1/9f323dc8-drowsy.2fc1832b-748b-11ed-a186-c4d0725245cc.jpg,91,"[{""x"": 30.027173913043477, ""y"": 24.456521739130434, ""width"": 31.52173913043478, ""height"": 63.405797101449274, ""rotation"": 0, ""rectanglelabels"": [""Drowsy""], ""original_width"": 640, ""original_height"": 480}]",1,94,2022-12-08T01:33:14.511251Z,2022-12-08T01:33:14.511251Z,3.62
/data/upload/1/c92a9c18-drowsy.2e9cf42b-748b-11ed-8f6f-c4d0725245cc.jpg,90,"[{""x"": 33.15217391304348, ""y"": 25.543478260869566, ""width"": 29.347826086956523, ""height"": 63.94927536231884, ""rotation"": 0, ""rectanglelabels"": [""Drowsy""], ""original_width"": 640, ""original_height"": 480}]",1,93,2022-12-08T01:33:10.595464Z,2022-12-08T01:33:10.595464Z,7.82
/data/upload/1/5aa4811f-drowsy.2b6606a6-6f9a-11ed-a0e2-fc4482a2ef62.jpg,89,"[{""x"": 56.79347826086956, ""y"": 1.0869565217391304, ""width"": 42.255434782608695, ""height"": 73.18840579710145, ""rotation"": 0, ""rectanglelabels"": [""Drowsy""], ""original_width"": 640, ""original_height"": 480}]",1,92,2022-12-08T01:33:02.172002Z,2022-12-08T01:33:02.172002Z,8.9
/data/upload/1/3b89c5e2-drowsy.1b57e6fc-6f9b-11ed-a7fc-fc4482a2ef62.jpg,88,"[{""x"": 51.358695652173914, ""y"": 28.6231884057971, ""width"": 33.96739130434783, ""height"": 67.02898550724638, ""rotation"": 0, ""rectanglelabels"": [""Drowsy""], ""original_width"": 640, ""original_height"": 480}]",1,91,2022-12-08T01:32:52.996050Z,2022-12-08T01:32:52.996050Z,3.857
/data/upload/1/9f1d16c5-drowsy.0bd75c69-6f34-11ed-8f0e-ac05f5a81f7c.jpg,87,"[{""x"": 33.96739130434783, ""y"": 3.260869565217391, ""width"": 35.46195652173913, ""height"": 69.56521739130434, ""rotation"": 0, ""rectanglelabels"": [""Drowsy""], ""original_width"": 640, ""original_height"": 480}]",1,90,2022-12-08T01:32:48.533610Z,2022-12-08T01:32:48.533610Z,7.333
/data/upload/1/062293f8-awake.fe3a17e0-6f96-11ed-ae07-fc4482a2ef62.jpg,86,"[{""x"": 35.59782608695652, ""y"": 0.9057971014492754, ""width"": 45.380434782608695, ""height"": 87.5, ""rotation"": 0, ""rectanglelabels"": [""Awake""], ""original_width"": 640, ""original_height"": 480}]",1,89,2022-12-08T01:32:40.963600Z,2022-12-08T01:32:40.963600Z,3.881
/data/upload/1/0a8464fe-awake.fce16b30-748a-11ed-a986-c4d0725245cc.jpg,85,"[{""x"": 30.16304347826087, ""y"": 24.818840579710145, ""width"": 32.608695652173914, ""height"": 69.92753623188406, ""rotation"": 0, ""rectanglelabels"": [""Awake""], ""original_width"": 640, ""original_height"": 480}]",1,88,2022-12-08T01:32:36.508472Z,2022-12-08T01:32:36.508472Z,2.914
/data/upload/1/09c4c8c3-awake.fb1ba20b-748a-11ed-a1ec-c4d0725245cc.jpg,84,"[{""x"": 34.10326086956522, ""y"": 23.91304347826087, ""width"": 28.39673913043478, ""height"": 72.10144927536231, ""rotation"": 0, ""rectanglelabels"": [""Awake""], ""original_width"": 640, ""original_height"": 480}]",1,87,2022-12-08T01:32:33.355205Z,2022-12-08T01:32:33.355205Z,3.669
/data/upload/1/0f38e774-awake.fa864a4e-6f98-11ed-b615-fc4482a2ef62.jpg,83,"[{""x"": 31.657608695652176, ""y"": 14.673913043478262, ""width"": 34.78260869565217, ""height"": 84.60144927536231, ""rotation"": 0, ""rectanglelabels"": [""Awake""], ""original_width"": 640, ""original_height"": 480}]",1,86,2022-12-08T01:32:29.133105Z,2022-12-08T01:32:29.133105Z,3.17
/data/upload/1/95a306c2-awake.fa458e95-748a-11ed-a7c8-c4d0725245cc.jpg,82,"[{""x"": 29.483695652173914, ""y"": 28.079710144927542, ""width"": 32.065217391304344, ""height"": 63.22463768115942, ""rotation"": 0, ""rectanglelabels"": [""Awake""], ""original_width"": 640, ""original_height"": 480}]",1,85,2022-12-08T01:32:25.729960Z,2022-12-08T01:32:25.729960Z,3.201
/data/upload/1/b312034a-awake.f939a2b9-748a-11ed-a74c-c4d0725245cc.jpg,81,"[{""x"": 34.10326086956522, ""y"": 25.36231884057971, ""width"": 28.940217391304344, ""height"": 66.66666666666666, ""rotation"": 0, ""rectanglelabels"": [""Awake""], ""original_width"": 640, ""original_height"": 480}]",1,84,2022-12-08T01:32:21.960036Z,2022-12-08T01:32:21.960036Z,2.977
/data/upload/1/b977c5df-awake.f74dda0b-748a-11ed-ba48-c4d0725245cc.jpg,80,"[{""x"": 30.570652173913043, ""y"": 24.27536231884058, ""width"": 29.7554347826087, ""height"": 65.57971014492753, ""rotation"": 0, ""rectanglelabels"": [""Awake""], ""original_width"": 640, ""original_height"": 480}]",1,83,2022-12-08T01:32:18.735485Z,2022-12-08T01:32:18.735485Z,3.212
/data/upload/1/e01667c9-awake.f58f878a-7487-11ed-a802-c4d0725245cc.jpg,79,"[{""x"": 26.08695652173913, ""y"": 19.565217391304348, ""width"": 40.625, ""height"": 68.65942028985508, ""rotation"": 0, ""rectanglelabels"": [""Awake""], ""original_width"": 640, ""original_height"": 480}]",1,82,2022-12-08T01:32:14.963992Z,2022-12-08T01:32:14.963992Z,3.58
/data/upload/1/cf843895-awake.f46b93c5-6f98-11ed-96a4-fc4482a2ef62.jpg,78,"[{""x"": 20.788043478260875, ""y"": 19.384057971014492, ""width"": 43.88586956521739, ""height"": 77.17391304347827, ""rotation"": 0, ""rectanglelabels"": [""Awake""], ""original_width"": 640, ""original_height"": 480}]",1,81,2022-12-08T01:32:11.114028Z,2022-12-08T01:32:11.115028Z,3.317
/data/upload/1/b892b726-awake.f13a85be-6f82-11ed-9bc6-ac05f5a81f7c.jpg,77,"[{""x"": 37.36413043478261, ""y"": 17.57246376811594, ""width"": 42.391304347826086, ""height"": 77.71739130434783, ""rotation"": 0, ""rectanglelabels"": [""Awake""], ""original_width"": 640, ""original_height"": 480}]",1,80,2022-12-08T01:32:07.246794Z,2022-12-08T01:32:07.246794Z,3.073
/data/upload/1/3cb43c63-awake.f7e816c1-6bb0-11ed-8aea-fc4482a2ef62.jpg,76,"[{""x"": 45.65217391304348, ""y"": 38.04347826086957, ""width"": 27.717391304347824, ""height"": 59.42028985507246, ""rotation"": 0, ""rectanglelabels"": [""Awake""], ""original_width"": 640, ""original_height"": 480}]",1,79,2022-12-08T01:32:03.924631Z,2022-12-08T01:32:03.924631Z,3.423
/data/upload/1/b4a71380-awake.f2ae9d9c-7487-11ed-9703-c4d0725245cc.jpg,75,"[{""x"": 28.804347826086957, ""y"": 13.043478260869565, ""width"": 41.44021739130434, ""height"": 83.87681159420289, ""rotation"": 0, ""rectanglelabels"": [""Awake""], ""original_width"": 640, ""original_height"": 480}]",1,78,2022-12-08T01:31:59.909835Z,2022-12-08T01:31:59.909835Z,7.428
/data/upload/1/ab96c9eb-awake.efc52106-6f82-11ed-b0aa-ac05f5a81f7c.jpg,74,"[{""x"": 30.570652173913043, ""y"": 20.47101449275362, ""width"": 40.48913043478261, ""height"": 75.36231884057972, ""rotation"": 0, ""rectanglelabels"": [""Awake""], ""original_width"": 640, ""original_height"": 480}]",1,77,2022-12-08T01:31:52.238886Z,2022-12-08T01:31:52.238886Z,4.375
/data/upload/1/7aa39c25-awake.ee74028e-6f96-11ed-a371-fc4482a2ef62.jpg,73,"[{""x"": 36.41304347826087, ""y"": 0.36231884057971014, ""width"": 47.28260869565217, ""height"": 78.80434782608695, ""rotation"": 0, ""rectanglelabels"": [""Awake""], ""original_width"": 640, ""original_height"": 480}]",1,76,2022-12-08T01:31:47.275086Z,2022-12-08T01:31:47.275086Z,4.769
/data/upload/1/20601a56-awake.ee92c994-6baf-11ed-9536-fc4482a2ef62.jpg,72,"[{""x"": 39.266304347826086, ""y"": 32.2463768115942, ""width"": 37.36413043478261, ""height"": 65.57971014492753, ""rotation"": 0, ""rectanglelabels"": [""Awake""], ""original_width"": 640, ""original_height"": 480}]",1,75,2022-12-08T01:31:42.260740Z,2022-12-08T01:31:42.260740Z,4.729
/data/upload/1/1dfc1ced-awake.eda4784e-6f82-11ed-97bc-ac05f5a81f7c.jpg,71,"[{""x"": 35.733695652173914, ""y"": 16.1231884057971, ""width"": 37.90760869565217, ""height"": 78.80434782608695, ""rotation"": 0, ""rectanglelabels"": [""Awake""], ""original_width"": 640, ""original_height"": 480}]",1,74,2022-12-08T01:31:36.972962Z,2022-12-08T01:31:36.972962Z,4.404
/data/upload/1/99b7df91-awake.ec9553a5-7487-11ed-b331-c4d0725245cc.jpg,70,"[{""x"": 29.7554347826087, ""y"": 19.746376811594203, ""width"": 38.179347826086946, ""height"": 69.02173913043478, ""rotation"": 0, ""rectanglelabels"": [""Awake""], ""original_width"": 640, ""original_height"": 480}]",1,73,2022-12-08T01:31:32.305896Z,2022-12-08T01:31:32.305896Z,3.466
/data/upload/1/608e23f0-awake.ec1407ba-6f96-11ed-a594-fc4482a2ef62.jpg,69,"[{""x"": 34.375, ""y"": 0.5434782608695652, ""width"": 43.61413043478261, ""height"": 81.70289855072464, ""rotation"": 0, ""rectanglelabels"": [""Awake""], ""original_width"": 640, ""original_height"": 480}]",1,72,2022-12-08T01:31:28.283007Z,2022-12-08T01:31:28.283007Z,3.82
/data/upload/1/27619d0f-awake.ea15f0d3-6f96-11ed-a862-fc4482a2ef62.jpg,68,"[{""x"": 38.994565217391305, ""y"": 1.0869565217391304, ""width"": 39.266304347826086, ""height"": 82.42753623188406, ""rotation"": 0, ""rectanglelabels"": [""Awake""], ""original_width"": 640, ""original_height"": 480}]",1,71,2022-12-08T01:31:24.180670Z,2022-12-08T01:31:24.180670Z,11.217
/data/upload/1/cf85d3f5-awake.e64786d3-6f96-11ed-b2b0-fc4482a2ef62.jpg,67,"[{""x"": 36.41304347826087, ""y"": 0.7246376811594203, ""width"": 42.93478260869566, ""height"": 76.44927536231883, ""rotation"": 0, ""rectanglelabels"": [""Awake""], ""original_width"": 640, ""original_height"": 480}]",1,70,2022-12-08T01:31:12.403941Z,2022-12-08T01:31:12.403941Z,4.724
/data/upload/1/815dcd1d-awake.e656f28e-6bb0-11ed-abbd-fc4482a2ef62.jpg,66,"[{""x"": 36.54891304347825, ""y"": 42.572463768115945, ""width"": 25, ""height"": 51.992753623188406, ""rotation"": 0, ""rectanglelabels"": [""Awake""], ""original_width"": 640, ""original_height"": 480}]",1,69,2022-12-08T01:31:07.437467Z,2022-12-08T01:31:07.437467Z,3.3
/data/upload/1/5d2ac158-awake.e53fc77d-7487-11ed-9dee-c4d0725245cc.jpg,65,"[{""x"": 36.27717391304348, ""y"": 22.644927536231883, ""width"": 30.706521739130434, ""height"": 76.9927536231884, ""rotation"": 0, ""rectanglelabels"": [""Awake""], ""original_width"": 640, ""original_height"": 480}]",1,68,2022-12-08T01:31:03.540960Z,2022-12-08T01:31:03.540960Z,3.496
/data/upload/1/7f9f7772-awake.e38fc1d7-6f82-11ed-a8b2-ac05f5a81f7c.jpg,64,"[{""x"": 36.95652173913042, ""y"": 17.02898550724638, ""width"": 37.90760869565217, ""height"": 80.2536231884058, ""rotation"": 0, ""rectanglelabels"": [""Awake""], ""original_width"": 640, ""original_height"": 480}]",1,67,2022-12-08T01:30:59.749985Z,2022-12-08T01:30:59.749985Z,3.727
/data/upload/1/0ee28b32-awake.e7b051f6-6f98-11ed-b2b7-fc4482a2ef62.jpg,63,"[{""x"": 30.434782608695656, ""y"": 21.3768115942029, ""width"": 32.33695652173913, ""height"": 74.81884057971014, ""rotation"": 0, ""rectanglelabels"": [""Awake""], ""original_width"": 640, ""original_height"": 480}]",1,66,2022-12-08T01:30:55.431246Z,2022-12-08T01:30:55.431246Z,9.024
/data/upload/1/3785dcfc-awake.e1ef36f2-748a-11ed-be82-c4d0725245cc.jpg,62,"[{""x"": 29.347826086956523, ""y"": 20.652173913043477, ""width"": 33.559782608695656, ""height"": 75.36231884057972, ""rotation"": 0, ""rectanglelabels"": [""Awake""], ""original_width"": 640, ""original_height"": 480}]",1,65,2022-12-08T01:30:46.140232Z,2022-12-08T01:30:46.140232Z,7.03
/data/upload/1/fa019490-awake.e0fcb58f-748a-11ed-8c8b-c4d0725245cc.jpg,61,"[{""x"": 31.793478260869566, ""y"": 21.014492753623188, ""width"": 29.891304347826086, ""height"": 77.17391304347827, ""rotation"": 0, ""rectanglelabels"": [""Awake""], ""original_width"": 640, ""original_height"": 480}]",1,64,2022-12-08T01:30:38.555170Z,2022-12-08T01:30:38.556173Z,5.04
/data/upload/1/b551435f-awake.e0c2e424-6f82-11ed-82c3-ac05f5a81f7c.jpg,60,"[{""x"": 36.820652173913054, ""y"": 13.22463768115942, ""width"": 38.04347826086958, ""height"": 82.97101449275362, ""rotation"": 0, ""rectanglelabels"": [""Awake""], ""original_width"": 640, ""original_height"": 480}]",1,63,2022-12-08T01:30:33.245946Z,2022-12-08T01:30:33.245946Z,4.113
/data/upload/1/6113ea05-awake.dfb142a8-748a-11ed-b50c-c4d0725245cc.jpg,59,"[{""x"": 30.97826086956522, ""y"": 20.652173913043477, ""width"": 29.891304347826086, ""height"": 76.08695652173914, ""rotation"": 0, ""rectanglelabels"": [""Awake""], ""original_width"": 640, ""original_height"": 480}]",1,62,2022-12-08T01:30:28.562361Z,2022-12-08T01:30:28.562361Z,8.934
/data/upload/1/839e8cc0-awake.ddcc6f2a-748a-11ed-867a-c4d0725245cc.jpg,58,"[{""x"": 17.391304347826086, ""y"": 25.181159420289855, ""width"": 34.78260869565217, ""height"": 69.02173913043478, ""rotation"": 0, ""rectanglelabels"": [""Awake""], ""original_width"": 640, ""original_height"": 480}]",1,61,2022-12-08T01:30:19.362788Z,2022-12-08T01:30:19.362788Z,5.541
/data/upload/1/e0d44498-awake.dbc984bb-748a-11ed-966f-c4d0725245cc.jpg,57,"[{""x"": 32.47282608695652, ""y"": 24.637681159420296, ""width"": 25.407608695652176, ""height"": 73.36956521739131, ""rotation"": 0, ""rectanglelabels"": [""Awake""], ""original_width"": 640, ""original_height"": 480}]",1,60,2022-12-08T01:30:13.218838Z,2022-12-08T01:30:13.218838Z,3.664
/data/upload/1/4892e97a-awake.da25d8ae-748a-11ed-ae75-c4d0725245cc.jpg,56,"[{""x"": 32.065217391304344, ""y"": 23.91304347826087, ""width"": 25.27173913043478, ""height"": 73.55072463768117, ""rotation"": 0, ""rectanglelabels"": [""Awake""], ""original_width"": 640, ""original_height"": 480}]",1,59,2022-12-08T01:30:09.313183Z,2022-12-08T01:30:09.313183Z,4.577
/data/upload/1/9463a8e3-awake.d487cf92-6baf-11ed-b33a-fc4482a2ef62.jpg,55,"[{""x"": 44.29347826086958, ""y"": 21.73913043478261, ""width"": 37.77173913043478, ""height"": 76.44927536231883, ""rotation"": 0, ""rectanglelabels"": [""Awake""], ""original_width"": 640, ""original_height"": 480}]",1,58,2022-12-08T01:30:04.185976Z,2022-12-08T01:30:04.185976Z,3.442
/data/upload/1/7e5b7a4a-awake.ca7d28c5-7487-11ed-89d8-c4d0725245cc.jpg,54,"[{""x"": 34.23913043478261, ""y"": 22.644927536231883, ""width"": 31.11413043478261, ""height"": 74.27536231884058, ""rotation"": 0, ""rectanglelabels"": [""Awake""], ""original_width"": 640, ""original_height"": 480}]",1,57,2022-12-08T01:30:00.495719Z,2022-12-08T01:30:00.495719Z,4.459
/data/upload/1/db1cd1fe-awake.c0115c52-6f9d-11ed-9be5-fc4482a2ef62.jpg,53,"[{""x"": 31.657608695652176, ""y"": 32.789855072463766, ""width"": 33.016304347826086, ""height"": 67.21014492753623, ""rotation"": 0, ""rectanglelabels"": [""Awake""], ""original_width"": 640, ""original_height"": 480}]",1,56,2022-12-08T01:29:55.463890Z,2022-12-08T01:29:55.463890Z,3.724
/data/upload/1/dd244784-awake.bf4d3b79-6f9d-11ed-af9b-fc4482a2ef62.jpg,52,"[{""x"": 30.027173913043477, ""y"": 34.23913043478261, ""width"": 33.69565217391305, ""height"": 65.76086956521739, ""rotation"": 0, ""rectanglelabels"": [""Awake""], ""original_width"": 640, ""original_height"": 480}]",1,55,2022-12-08T01:29:51.495485Z,2022-12-08T01:29:51.495485Z,4.931
/data/upload/1/ff7732c3-awake.be7ff32b-6f9d-11ed-8834-fc4482a2ef62.jpg,51,"[{""x"": 30.16304347826087, ""y"": 34.60144927536232, ""width"": 33.69565217391305, ""height"": 65.39855072463769, ""rotation"": 0, ""rectanglelabels"": [""Awake""], ""original_width"": 640, ""original_height"": 480}]",1,54,2022-12-08T01:29:46.016343Z,2022-12-08T01:29:46.016343Z,3.818
/data/upload/1/1f11f136-awake.bda459d0-6f9d-11ed-b820-fc4482a2ef62.jpg,50,"[{""x"": 31.25, ""y"": 34.05797101449276, ""width"": 32.20108695652174, ""height"": 65.94202898550725, ""rotation"": 0, ""rectanglelabels"": [""Awake""], ""original_width"": 640, ""original_height"": 480}]",1,53,2022-12-08T01:29:41.934041Z,2022-12-08T01:29:41.934041Z,3.869
/data/upload/1/8b8911a6-awake.bcbef35b-6f9d-11ed-a340-fc4482a2ef62.jpg,49,"[{""x"": 31.52173913043478, ""y"": 34.78260869565217, ""width"": 31.25, ""height"": 65.21739130434783, ""rotation"": 0, ""rectanglelabels"": [""Awake""], ""original_width"": 640, ""original_height"": 480}]",1,52,2022-12-08T01:29:37.494174Z,2022-12-08T01:29:37.495178Z,5.62
/data/upload/1/3cd37949-awake.b1060472-7487-11ed-8772-c4d0725245cc.jpg,48,"[{""x"": 38.179347826086946, ""y"": 15.21739130434783, ""width"": 35.19021739130434, ""height"": 58.15217391304349, ""rotation"": 0, ""rectanglelabels"": [""Awake""], ""original_width"": 640, ""original_height"": 480}]",1,51,2022-12-08T01:29:31.576022Z,2022-12-08T01:29:31.576022Z,9.082
/data/upload/1/b04c42a0-awake.b52146e4-6f9d-11ed-8e0e-fc4482a2ef62.jpg,47,"[{""x"": 32.608695652173914, ""y"": 34.78260869565217, ""width"": 31.25, ""height"": 62.68115942028985, ""rotation"": 0, ""rectanglelabels"": [""Awake""], ""original_width"": 640, ""original_height"": 480}]",1,50,2022-12-08T01:29:21.889810Z,2022-12-08T01:29:21.889810Z,4.044
/data/upload/1/022396e6-awake.b6257a2f-6f9d-11ed-a016-fc4482a2ef62.jpg,46,"[{""x"": 33.69565217391305, ""y"": 32.971014492753625, ""width"": 29.21195652173913, ""height"": 65.21739130434783, ""rotation"": 0, ""rectanglelabels"": [""Awake""], ""original_width"": 640, ""original_height"": 480}]",1,49,2022-12-08T01:29:17.540774Z,2022-12-08T01:29:17.540774Z,8.987
/data/upload/1/e118e19f-awake.b082ba0a-6baf-11ed-aaf8-fc4482a2ef62.jpg,45,"[{""x"": 54.34782608695651, ""y"": 41.1231884057971, ""width"": 32.065217391304344, ""height"": 58.5144927536232, ""rotation"": 0, ""rectanglelabels"": [""Awake""], ""original_width"": 640, ""original_height"": 480}]",1,48,2022-12-08T01:29:08.302216Z,2022-12-08T01:29:08.302216Z,4.475
/data/upload/1/7552f88b-awake.b8b3d388-6f9d-11ed-adaa-fc4482a2ef62.jpg,44,"[{""x"": 33.83152173913043, ""y"": 33.69565217391305, ""width"": 30.16304347826087, ""height"": 66.30434782608695, ""rotation"": 0, ""rectanglelabels"": [""Awake""], ""original_width"": 640, ""original_height"": 480}]",1,47,2022-12-08T01:28:58.220661Z,2022-12-08T01:28:58.220661Z,3.411
/data/upload/1/b331bc1d-awake.b7ebd8a7-6f9d-11ed-accf-fc4482a2ef62.jpg,43,"[{""x"": 30.434782608695656, ""y"": 35.32608695652174, ""width"": 33.559782608695656, ""height"": 64.67391304347827, ""rotation"": 0, ""rectanglelabels"": [""Awake""], ""original_width"": 640, ""original_height"": 480}]",1,46,2022-12-08T01:28:54.560642Z,2022-12-08T01:28:54.560642Z,4.033
/data/upload/1/6ffd3a5b-awake.b6f8123a-6f9d-11ed-b390-fc4482a2ef62.jpg,42,"[{""x"": 33.83152173913043, ""y"": 36.05072463768116, ""width"": 29.891304347826086, ""height"": 63.94927536231884, ""rotation"": 0, ""rectanglelabels"": [""Awake""], ""original_width"": 640, ""original_height"": 480}]",1,45,2022-12-08T01:28:49.950269Z,2022-12-08T01:28:49.950269Z,4.202
/data/upload/1/bead206a-awake.ac65d717-7487-11ed-8639-c4d0725245cc.jpg,41,"[{""x"": 32.608695652173914, ""y"": 19.746376811594203, ""width"": 35.32608695652175, ""height"": 78.44202898550725, ""rotation"": 0, ""rectanglelabels"": [""Awake""], ""original_width"": 640, ""original_height"": 480}]",1,44,2022-12-08T01:28:45.495762Z,2022-12-08T01:28:45.495762Z,6.451
/data/upload/1/60243240-awake.5631620f-748a-11ed-9d1e-c4d0725245cc.jpg,40,"[{""x"": 54.483695652173914, ""y"": 39.130434782608695, ""width"": 29.891304347826086, ""height"": 60.86956521739132, ""rotation"": 0, ""rectanglelabels"": [""Awake""], ""original_width"": 640, ""original_height"": 480}]",1,43,2022-12-08T01:28:38.468533Z,2022-12-08T01:28:38.468533Z,3.941
/data/upload/1/3096a9c6-awake.4705546f-748a-11ed-9f93-c4d0725245cc.jpg,39,"[{""x"": 54.61956521739131, ""y"": 38.04347826086957, ""width"": 27.309782608695656, ""height"": 61.95652173913044, ""rotation"": 0, ""rectanglelabels"": [""Awake""], ""original_width"": 640, ""original_height"": 480}]",1,42,2022-12-08T01:28:34.269814Z,2022-12-08T01:28:34.269814Z,4.252
/data/upload/1/bac8bd3c-awake.653770c1-7488-11ed-b263-c4d0725245cc.jpg,38,"[{""x"": 31.657608695652176, ""y"": 19.92753623188406, ""width"": 35.054347826086946, ""height"": 76.81159420289855, ""rotation"": 0, ""rectanglelabels"": [""Awake""], ""original_width"": 640, ""original_height"": 480}]",1,41,2022-12-08T01:28:29.438773Z,2022-12-08T01:28:29.438773Z,5.197
/data/upload/1/c66f50a6-awake.608377a8-6baf-11ed-93f5-fc4482a2ef62.jpg,37,"[{""x"": 37.09239130434783, ""y"": 46.557971014492765, ""width"": 25.951086956521745, ""height"": 52.35507246376812, ""rotation"": 0, ""rectanglelabels"": [""Awake""], ""original_width"": 640, ""original_height"": 480}]",1,40,2022-12-08T01:28:23.978433Z,2022-12-08T01:28:23.978433Z,5.106
/data/upload/1/c6d30698-awake.214323c1-6f83-11ed-9559-ac05f5a81f7c.jpg,36,"[{""x"": 38.04347826086958, ""y"": 22.82608695652174, ""width"": 36.141304347826086, ""height"": 75.36231884057972, ""rotation"": 0, ""rectanglelabels"": [""Awake""], ""original_width"": 640, ""original_height"": 480}]",1,39,2022-12-08T01:28:18.294184Z,2022-12-08T01:28:18.294184Z,5.924
/data/upload/1/419435af-awake.62755e24-748a-11ed-b768-c4d0725245cc.jpg,35,"[{""x"": 55.97826086956522, ""y"": 38.224637681159415, ""width"": 27.717391304347824, ""height"": 59.96376811594203, ""rotation"": 0, ""rectanglelabels"": [""Awake""], ""original_width"": 640, ""original_height"": 480}]",1,38,2022-12-08T01:28:12.104854Z,2022-12-08T01:28:12.104854Z,20.399
/data/upload/1/608449e5-awake.22677c05-6f83-11ed-8c52-ac05f5a81f7c.jpg,34,"[{""x"": 37.09239130434783, ""y"": 20.833333333333336, ""width"": 36.141304347826086, ""height"": 79.16666666666666, ""rotation"": 0, ""rectanglelabels"": [""Awake""], ""original_width"": 640, ""original_height"": 480}]",1,37,2022-12-08T01:27:51.436824Z,2022-12-08T01:27:51.436824Z,10.617
/data/upload/1/d5ad5e0f-awake.6381e353-7488-11ed-b692-c4d0725245cc.jpg,33,"[{""x"": 35.46195652173913, ""y"": 18.115942028985508, ""width"": 33.42391304347826, ""height"": 73.73188405797102, ""rotation"": 0, ""rectanglelabels"": [""Awake""], ""original_width"": 640, ""original_height"": 480}]",1,36,2022-12-08T01:27:40.513810Z,2022-12-08T01:27:40.513810Z,15.432
/data/upload/1/7c6dce9e-awake.5604a4fc-6f86-11ed-854a-ac05f5a81f7c.jpg,32,"[{""x"": 42.391304347826086, ""y"": 12.318840579710148, ""width"": 27.85326086956522, ""height"": 65.57971014492753, ""rotation"": 0, ""rectanglelabels"": [""Awake""], ""original_width"": 640, ""original_height"": 480}]",1,35,2022-12-08T01:27:24.540272Z,2022-12-08T01:27:24.540272Z,3.721
/data/upload/1/25f3d849-awake.986eff02-6bb0-11ed-b860-fc4482a2ef62.jpg,31,"[{""x"": 36.41304347826087, ""y"": 21.3768115942029, ""width"": 39.53804347826087, ""height"": 73.18840579710145, ""rotation"": 0, ""rectanglelabels"": [""Awake""], ""original_width"": 640, ""original_height"": 480}]",1,34,2022-12-08T01:27:20.552401Z,2022-12-08T01:27:20.552401Z,3.836
/data/upload/1/4de4825d-awake.586bb4bf-6f86-11ed-b098-ac05f5a81f7c.jpg,30,"[{""x"": 43.34239130434783, ""y"": 13.949275362318843, ""width"": 31.793478260869566, ""height"": 64.13043478260869, ""rotation"": 0, ""rectanglelabels"": [""Awake""], ""original_width"": 640, ""original_height"": 480}]",1,33,2022-12-08T01:27:16.141183Z,2022-12-08T01:27:16.141183Z,10.039
/data/upload/1/ed1deb73-awake.566f657c-6f86-11ed-b168-ac05f5a81f7c.jpg,29,"[{""x"": 43.47826086956522, ""y"": 12.681159420289855, ""width"": 27.445652173913043, ""height"": 64.31159420289855, ""rotation"": 0, ""rectanglelabels"": [""Awake""], ""original_width"": 640, ""original_height"": 480}]",1,32,2022-12-08T01:27:05.803880Z,2022-12-08T01:27:05.803880Z,6.199
/data/upload/1/34b0c3be-awake.555d021a-6f86-11ed-bd86-ac05f5a81f7c.jpg,28,"[{""x"": 43.34239130434783, ""y"": 11.956521739130435, ""width"": 28.940217391304344, ""height"": 64.85507246376811, ""rotation"": 0, ""rectanglelabels"": [""Awake""], ""original_width"": 640, ""original_height"": 480}]",1,31,2022-12-08T01:25:53.763417Z,2022-12-08T01:25:53.763417Z,5.389
/data/upload/1/607db1a9-awake.441b022a-6f99-11ed-ab2d-fc4482a2ef62.jpg,27,"[{""x"": 33.15217391304348, ""y"": 10.144927536231885, ""width"": 33.69565217391305, ""height"": 78.26086956521739, ""rotation"": 0, ""rectanglelabels"": [""Awake""], ""original_width"": 640, ""original_height"": 480}]",1,30,2022-12-08T01:25:12.465426Z,2022-12-08T01:25:12.465426Z,11.366
/data/upload/1/7e65409f-awake.292c7dd0-6f86-11ed-9b7b-ac05f5a81f7c.jpg,26,"[{""x"": 32.20108695652174, ""y"": 28.079710144927542, ""width"": 33.69565217391305, ""height"": 65.03623188405797, ""rotation"": 0, ""rectanglelabels"": [""Awake""], ""original_width"": 640, ""original_height"": 480}]",1,29,2022-12-08T01:25:00.800751Z,2022-12-08T01:25:00.800751Z,15.097
/data/upload/1/8d60f7e0-awake.240dca96-6f83-11ed-97da-ac05f5a81f7c.jpg,25,"[{""x"": 37.90760869565217, ""y"": 23.55072463768116, ""width"": 38.179347826086946, ""height"": 74.27536231884058, ""rotation"": 0, ""rectanglelabels"": [""Awake""], ""original_width"": 640, ""original_height"": 480}]",1,28,2022-12-08T01:23:34.892925Z,2022-12-08T01:23:34.892925Z,19.003
/data/upload/1/7f0c67cf-awake.081a7aa9-6f99-11ed-92c1-fc4482a2ef62.jpg,24,"[{""x"": 30.027173913043477, ""y"": 25.36231884057971, ""width"": 30.570652173913043, ""height"": 67.3913043478261, ""rotation"": 0, ""rectanglelabels"": [""Awake""], ""original_width"": 640, ""original_height"": 480}]",1,27,2022-12-08T01:23:13.954037Z,2022-12-08T01:23:13.954037Z,8.603
/data/upload/1/e106e6b4-awake.61a5ffef-6f99-11ed-b97d-fc4482a2ef62.jpg,23,"[{""x"": 39.130434782608695, ""y"": 15.579710144927537, ""width"": 32.880434782608695, ""height"": 76.08695652173914, ""rotation"": 0, ""rectanglelabels"": [""Awake""], ""original_width"": 640, ""original_height"": 480}]",1,23,2022-12-08T00:08:14.470722Z,2022-12-08T01:23:02.976622Z,8.67
/data/upload/1/97848f01-awake.58c62880-6f86-11ed-9052-ac05f5a81f7c.jpg,22,"[{""x"": 44.02173913043478, ""y"": 12.862318840579707, ""width"": 29.7554347826087, ""height"": 62.13768115942029, ""rotation"": 0, ""rectanglelabels"": [""Awake""], ""original_width"": 640, ""original_height"": 480}]",1,22,2022-12-08T00:08:08.271057Z,2022-12-08T01:22:56.264835Z,16.233
/data/upload/1/c93fe18d-awake.53b58430-748a-11ed-907d-c4d0725245cc.jpg,21,"[{""x"": 51.08695652173913, ""y"": 38.768115942028984, ""width"": 33.15217391304348, ""height"": 60.86956521739132, ""rotation"": 0, ""rectanglelabels"": [""Awake""], ""original_width"": 640, ""original_height"": 480}]",1,21,2022-12-08T00:07:35.305540Z,2022-12-08T01:22:41.829233Z,5.375
/data/upload/1/28b45e9b-awake.48ff195e-6baf-11ed-a659-fc4482a2ef62.jpg,20,"[{""x"": 35.59782608695652, ""y"": 46.3768115942029, ""width"": 30.97826086956522, ""height"": 52.17391304347826, ""rotation"": 0, ""rectanglelabels"": [""Awake""], ""original_width"": 640, ""original_height"": 480}]",1,20,2022-12-08T00:07:33.681609Z,2022-12-08T01:22:36.531133Z,6.877
/data/upload/1/12279939-awake.42d31839-748a-11ed-b3c9-c4d0725245cc.jpg,19,"[{""x"": 53.66847826086956, ""y"": 36.41304347826087, ""width"": 29.7554347826087, ""height"": 61.77536231884058, ""rotation"": 0, ""rectanglelabels"": [""Awake""], ""original_width"": 640, ""original_height"": 480}]",1,19,2022-12-08T00:07:31.838117Z,2022-12-08T01:22:29.822677Z,6.244
/data/upload/1/79d15f3e-awake.38ef70c2-6f99-11ed-a709-fc4482a2ef62.jpg,18,"[{""x"": 38.858695652173914, ""y"": 12.862318840579707, ""width"": 35.054347826086946, ""height"": 83.69565217391305, ""rotation"": 0, ""rectanglelabels"": [""Awake""], ""original_width"": 640, ""original_height"": 480}]",1,18,2022-12-08T00:07:29.890743Z,2022-12-08T01:22:23.951577Z,6.984
/data/upload/1/4ef37c83-awake.34c652de-748a-11ed-8da9-c4d0725245cc.jpg,17,"[{""x"": 52.85326086956522, ""y"": 36.41304347826087, ""width"": 33.016304347826086, ""height"": 61.41304347826087, ""rotation"": 0, ""rectanglelabels"": [""Awake""], ""original_width"": 640, ""original_height"": 480}]",1,17,2022-12-08T00:07:27.807727Z,2022-12-08T01:22:17.745897Z,11.809
/data/upload/1/9a98912b-awake.29c3d48c-6f86-11ed-b73d-ac05f5a81f7c.jpg,16,"[{""x"": 31.929347826086957, ""y"": 25.724637681159415, ""width"": 35.869565217391305, ""height"": 71.73913043478261, ""rotation"": 0, ""rectanglelabels"": [""Awake""], ""original_width"": 640, ""original_height"": 480}]",1,16,2022-12-08T00:07:25.614289Z,2022-12-08T01:22:06.689659Z,11.29
/data/upload/1/dff9b6a2-awake.26cf7813-6f83-11ed-a073-ac05f5a81f7c.jpg,15,"[{""x"": 38.58695652173913, ""y"": 22.10144927536232, ""width"": 36.141304347826086, ""height"": 76.08695652173914, ""rotation"": 0, ""rectanglelabels"": [""Awake""], ""original_width"": 640, ""original_height"": 480}]",1,15,2022-12-08T00:07:22.967959Z,2022-12-08T01:21:56.659735Z,12.365
/data/upload/1/530b7ee9-awake.26b458ef-6f86-11ed-a2c0-ac05f5a81f7c.jpg,14,"[{""x"": 32.47282608695652, ""y"": 25.724637681159415, ""width"": 35.054347826086946, ""height"": 69.38405797101449, ""rotation"": 0, ""rectanglelabels"": [""Awake""], ""original_width"": 640, ""original_height"": 480}]",1,14,2022-12-08T00:07:20.228504Z,2022-12-08T01:21:44.662113Z,6.654999999999999
/data/upload/1/19415b69-awake.25bb9447-6f86-11ed-bc47-ac05f5a81f7c.jpg,13,"[{""x"": 29.891304347826086, ""y"": 28.442028985507246, ""width"": 34.64673913043478, ""height"": 66.12318840579711, ""rotation"": 0, ""rectanglelabels"": [""Awake""], ""original_width"": 640, ""original_height"": 480}]",1,13,2022-12-08T00:07:17.507502Z,2022-12-08T01:21:39.335632Z,8.415
/data/upload/1/1459af72-awake.24f0d233-6f86-11ed-b8f8-ac05f5a81f7c.jpg,12,"[{""x"": 30.97826086956522, ""y"": 28.26086956521739, ""width"": 34.91847826086958, ""height"": 66.30434782608695, ""rotation"": 0, ""rectanglelabels"": [""Awake""], ""original_width"": 640, ""original_height"": 480}]",1,12,2022-12-08T00:07:14.180436Z,2022-12-08T01:21:32.868262Z,11.318
/data/upload/1/9dab166d-awake.9e28ffcb-7487-11ed-93e0-c4d0725245cc.jpg,11,"[{""x"": 36.27717391304348, ""y"": 28.985507246376812, ""width"": 40.21739130434783, ""height"": 64.13043478260869, ""rotation"": 0, ""rectanglelabels"": [""Awake""], ""original_width"": 640, ""original_height"": 480}]",1,11,2022-12-08T00:05:52.707663Z,2022-12-08T01:21:26.098869Z,23.040000000000003
/data/upload/1/64c8069f-awake.08d32239-6bb0-11ed-8110-fc4482a2ef62.jpg,10,"[{""x"": 33.69565217391305, ""y"": 49.45652173913042, ""width"": 32.065217391304344, ""height"": 47.28260869565217, ""rotation"": 0, ""rectanglelabels"": [""Awake""], ""original_width"": 640, ""original_height"": 480}]",1,10,2022-12-08T00:05:49.428167Z,2022-12-08T01:21:03.766352Z,8.557
/data/upload/1/19883b41-awake.5f47664a-748a-11ed-a8f5-c4d0725245cc.jpg,9,"[{""x"": 51.90217391304349, ""y"": 39.311594202898554, ""width"": 34.51086956521739, ""height"": 59.60144927536232, ""rotation"": 0, ""rectanglelabels"": [""Awake""], ""original_width"": 640, ""original_height"": 480}]",1,9,2022-12-08T00:05:45.099804Z,2022-12-08T01:20:55.452731Z,7.930999999999999
/data/upload/1/2847a26b-awake.5daa46d9-748a-11ed-a631-c4d0725245cc.jpg,8,"[{""x"": 51.90217391304349, ""y"": 38.58695652173913, ""width"": 32.33695652173913, ""height"": 58.876811594202884, ""rotation"": 0, ""rectanglelabels"": [""Awake""], ""original_width"": 640, ""original_height"": 480}]",1,8,2022-12-08T00:05:41.925329Z,2022-12-08T01:20:47.597533Z,11.503
/data/upload/1/0e0fdfd5-awake.4f2cc4aa-6f99-11ed-8783-fc4482a2ef62.jpg,7,"[{""x"": 24.72826086956522, ""y"": 19.92753623188406, ""width"": 35.054347826086946, ""height"": 75.36231884057972, ""rotation"": 0, ""rectanglelabels"": [""Awake""], ""original_width"": 640, ""original_height"": 480}]",1,7,2022-12-08T00:05:38.513273Z,2022-12-08T01:20:37.030208Z,11.046
/data/upload/1/3befdfcc-awake.3f4bfa05-748a-11ed-b5dd-c4d0725245cc.jpg,6,"[{""x"": 50.54347826086956, ""y"": 37.5, ""width"": 36.141304347826086, ""height"": 60.14492753623188, ""rotation"": 0, ""rectanglelabels"": [""Awake""], ""original_width"": 640, ""original_height"": 480}]",1,6,2022-12-08T00:05:35.294711Z,2022-12-08T01:20:25.848528Z,13.181999999999999
/data/upload/1/a7e6fea2-awake.3d899d19-748a-11ed-9dc5-c4d0725245cc.jpg,5,"[{""x"": 52.85326086956522, ""y"": 38.768115942028984, ""width"": 33.42391304347826, ""height"": 59.239130434782595, ""rotation"": 0, ""rectanglelabels"": [""Awake""], ""original_width"": 640, ""original_height"": 480}]",1,5,2022-12-08T00:05:32.503864Z,2022-12-08T01:20:12.594412Z,7.872
/data/upload/1/361bf690-awake.0be8a1aa-6f99-11ed-bb14-fc4482a2ef62.jpg,1,"[{""x"": 26.4945652173913, ""y"": 27.898550724637687, ""width"": 32.20108695652174, ""height"": 67.3913043478261, ""rotation"": 0, ""rectanglelabels"": [""Awake""], ""original_width"": 640, ""original_height"": 480}]",1,26,2022-12-08T01:20:00.435153Z,2022-12-08T01:20:00.435153Z,26.522
/data/upload/1/40a057d0-awake.1f4943a1-6f83-11ed-a8a8-ac05f5a81f7c.jpg,2,"[{""x"": 36.005434782608695, ""y"": 22.10144927536232, ""width"": 38.994565217391305, ""height"": 74.81884057971014, ""rotation"": 0, ""rectanglelabels"": [""Awake""], ""original_width"": 640, ""original_height"": 480}]",1,25,2022-12-08T01:19:30.266910Z,2022-12-08T01:19:30.266910Z,7.093
/data/upload/1/bd16a6bf-awake.3b1d20f9-6f99-11ed-a8e7-fc4482a2ef62.jpg,4,"[{""x"": 39.266304347826086, ""y"": 11.77536231884058, ""width"": 40.76086956521739, ""height"": 73.73188405797102, ""rotation"": 0, ""rectanglelabels"": [""Awake""], ""original_width"": 640, ""original_height"": 480}]",1,4,2022-12-08T00:05:29.296960Z,2022-12-08T01:19:10.302836Z,9.017
/data/upload/1/4f30c027-awake.2f21cc55-6bb0-11ed-99b3-fc4482a2ef62.jpg,3,"[{""x"": 31.52173913043478, ""y"": 50, ""width"": 30.97826086956522, ""height"": 45.289855072463766, ""rotation"": 0, ""rectanglelabels"": [""Awake""], ""original_width"": 640, ""original_height"": 480}]",1,3,2022-12-08T00:05:25.600667Z,2022-12-08T01:19:00.641976Z,9.384
